"ABM Aviation, Inc.",79,Denver,9/22/2019,Loss of Contract with United Airlines,"Various Positions: Cargo Agent (65), Supervisors (7), Managers (3), Cargo Planner (1), Cargo Investigator (1), Admin Asst (1), Recruiter (1)",9/22/19
Aramark Sports & Entertainment Services LLC,185,Denver,7/24/2019,Loss of Pepsi Center Contract,"Varous Positions: Servers, Cooks, bartenders, Cashiers, management, office, waiters/waitresses and more",9/25/19
AstraZeneca,210,Boulder & Longmont,1/8/2019,Closure,"Quality Control, technicians, engineers & others",3/22/19
Backflip Studios,86,Boulder,10/23/2019,Closure,"Various: creative roles, management, engineers, product managers",12/23/19
Brown Brothers Harriman & Co.,136,Arapahoe/Douglas,9/23/2019,Loss of Contract/Closure,Various: CPAs CPAs Administrative positions related to investments ,11/25/19 - 9/30/20
Company Name,Layoff Total,Workforce Local Area,WARN Date,Reason for Layoff,Occupations,Layoff Date(s)
"Conagra Brands, Inc.",100,Boulder,2/5/19,Closure,Not reported,5/24/19 - 3/20/20
Crothall Healthcare Environmental Services,283,Arapahoe/Douglas,4/26/2019,Closure,"Housekeepers,  Admin, Operations, Patient Ambassadors",6/30/19
"Energes Services, LLC",121,Larimer,10/30/2019,Closure,"Various: Construction, Maintenece, Admin","10/30/2019, 11/8/2019, 11/22/2019, 11/29/2019"
Geo Reentry Services LLC,196,Pikes Peak (Colo Springs),1/7/2020,Mass Layoff,"Various: Corrections Personnel (136), Rehabilitation Providers/Therapists (23), General Admin (17), Food Service (6), Medical (14)",3/6/2020
Halliburton Energy Services Inc.,178,Mesa,10/7/2019,Mass Layoff,"Various: Drivers, Service Coordinators, Planners, Material Handlers, Mechanic Technicians, Parts Techs, Coordinators",10/7/19
HomeAdvisor,229,Pikes Peak,11-1-19 received 11/19/19 via Local Area/Suthers office,Closure,Various: Predominately Sales Consultants and Project Advisors,1/1/20 to 1/14/20
Invesco (OppenheimerFunds OFI),850,Arapahoe/Douglas (Centennial),3/21/19 (received  3/22/19),Downsizing,Not disclosed in WARN,5/25/19 (thru 18 mo following)
Jagged Peak Energy Inc,92,Denver,12/10/2019,Closure/Sale of Company/Restructuring,Various: Request WARN notification for specifics.,Closure 1/10/20- 04/10/20
Levy Premium Foodservice LP,56,Denver,9/30/2019,Loss of Pepsi Center Contract,"Various Positions:  Servers (14), Cooks (13), Supervisors (6), Food Runners (4), Cashiers (3) and other positions",9/30/19
Molson Coors,300,Denver,10/30/2019,Downsizing,Not disclosed in WARN,12/31/19
National Express Transit (NEXT),60,Pikes Peak,3/1/19 (received on 3/22/19),Closure,"3 Managers and 57 hourly employees including General Manager, Saftety Manager/OPS, Drivers, Dispatchers, Dispatch Reservation Manager, Road Supervisors, Utility Workers, Scheduler, Reservationist",6/30/19
Nestle USA Inc and Nestle Dreyer's Ice Cream,56,Denver,8/16/2019,Restructuring/Closure of site,"Various: Sales, Delivery Drivers, Merchandisers, Warehouse",10/18/19-12/31/19
Oakwood Worldwide,1,Denver,10/29/2019,Mass Layoff,Operations Manager,12/30/2019
PrimeFlight Aviation Services Inc.,439,Denver,7/15/19 (received 7/16/19),Loss of Contract with United Airlines,"Various positions: Cabin Appearance Staff (380), Inventory Control (17), Operations Managers, & other positions",9/18/19
Pura Vida Fitness & Spa,134,Denver,1/18/2019,Closure,"Managers/Directors, therapists, instructors, & others",4/15/19
QCData,40-60,Arapahoe/Douglas,10/4/19,Loss of Contract,Unknown,11/29/19 - 1/31/2020
Resolute Natural Resources Company LLC,57,Denver,1/15/2019,Merger ,"Various: administration, engineers, & others",3/1/19
S4 Inc.,77,Pikes Peak,1/26/2020,Loss of Contract,Various: IT positions,Downsize 1/26/20
"Sandoz Inc, A Novartis Division (Next Phase)",56,Broomfield,3/18/2019,Closure,"Management, Production Technicans, administrative, Material Handlers",5/18/19 - 6/1/19
"Sandoz Inc., A Novartis Division (Update)",24,Broomfield,1/7/19 & 4/6/2020,Closure,"Production Technicians, Chemists, & more",4/13/19-5/30/19
Sandoz-Novartis,24,Broomfield,7/6/19-7/31/19,Closure,"Lead Technicians (5), Equipment Maintenance Tech III (3), Production Technician III (16)",7/6/19 - 7/31/19
Sandoz-Novartis,67,Broomfield,7/8/2019,Closure,"Various positions: Administrative, Chemist, Supply Chain, Production, Quality, Techs, Logistics",9/7/19 - 12/31/19
Sandoz-Novartis,37,Broomfield,8/5/19,Closure,"Various Positions: Logistics Productioins Support, Compliance, Quality Engineer, HR Specialist, Trainer, Management",10/5/19-12/31/19
Sandoz/Novartis (2nd Wave of Layoffs),116,Broomfield,2/11/2019,Closure,"Production technicians, chemists, process & others",4/13/19 - 5/19/19
Smithfield Fresh Meats Corporation,68,Denver,10/24/19,Closure,"Various: General Labor, Crew Leaders, Equipment Operators, Forklift Operations and others.",12/31/19 to 3/26/20
Spectrum Pharmaceuticals,3,Denver,2/13/2019,Divesting Product line/Sale to Acrotech Biopharma,"Application system analyst, data compliance officer, VP Sales",4/12/19
The Inn at Cherry Creek,18,Denver,1/2/2019,Closure (Temporary 18-24 mo),"Front office, housekeeping, exec office, engineering & others","3/3/19, 3/31/19"
Transform SR LLC (060401 & 01141 Units),80,Arapahoe/Douglas,8/29/2019,Change in Business Circumstances,"Various: Consultative Sales, Managers, Store Support, Fulfillment Center, Cashier, Auto Technicians, Customer Service",12/15/19
TTEC Services Corporation,174,Arapahoe/Douglas,10/5/2019,Ending work-from-home ops,Primarily Customer Service Agents working in different locations across the U.S.,10/5/19
Upsher-Smith Laboratories LLC,74,Denver,5/10/2019,Closure,"Various postions: Manufacturing Technicians, scientists, engineers, technical services, instrument controls, operations ",8/2/19 - 3/31/20
Westrock,61,Arapahoe/Douglas,3/25/2019,Closure,"Production workers, auditors, technicians & others","3/25/19, 4/24/19, 5/24/19"
"WideOpenWest Networks LLC and WideOpenWest Illinois, LLC",203,Colorado Springs,1/9/2019,Downsize,"Customer Advocates, Business Tech Sup, Sales Retention Specialists & more",3/10/19  (184) & 5/31/19  (19)
Zahn Dental,54,Jefferson (Golden),1/7/2020,Reorganization and relocation,"Various: Customer Care, CAD Scanners, Finishing Technicians, Machine Operators, Finishing Technicians & others",3/9/2020